,mean,std
accuracy,0.6514258546293197,0.0104351279885965
balanced_accuracy,0.3990617505212989,0.020938030099852945
macro_f1,0.39286468374752836,0.02026066206572386
weighted_f1,0.6451633779573025,0.00785013674964569
