,mean,std
accuracy,0.640732335886606,0.017310351131739815
balanced_accuracy,0.3737889638549465,0.03247114456230705
macro_f1,0.36191102538197645,0.027385724701014337
weighted_f1,0.6340746100926503,0.01608967256287597
